<?xml version="1.0" encoding="UTF-8"?>
<project-private xmlns="http://www.netbeans.org/ns/project-private/1">
    <editor-bookmarks xmlns="http://www.netbeans.org/ns/editor-bookmarks/2" lastBookmarkId="1">
        <file>
            <url>src/tempo/Tempo.java</url>
            <bookmark id="1">
                <name/>
                <line>17</line>
                <key/>
            </bookmark>
        </file>
    </editor-bookmarks>
    <open-files xmlns="http://www.netbeans.org/ns/projectui-open-files/2">
        <group>
            <file>file:/Users/Elev/NetBeansProjects/Tempo/src/tempo/Window.java</file>
            <file>file:/Users/Elev/NetBeansProjects/Tempo/src/tempo/sprite/Block.java</file>
            <file>file:/Users/Elev/NetBeansProjects/Tempo/src/tempo/Background.java</file>
            <file>file:/Users/Elev/NetBeansProjects/Tempo/src/tempo/sprite/Level.java</file>
            <file>file:/Users/Elev/NetBeansProjects/Tempo/src/tempo/sprite/Sprite.java</file>
            <file>file:/Users/Elev/NetBeansProjects/Tempo/level1</file>
            <file>file:/Users/Elev/NetBeansProjects/Tempo/src/tempo/sprite/Animation.java</file>
            <file>file:/Users/Elev/NetBeansProjects/Tempo/src/tempo/Spritesheet.java</file>
            <file>file:/Users/Elev/NetBeansProjects/Tempo/src/tempo/Tempo.java</file>
            <file>file:/Users/Elev/NetBeansProjects/Tempo/src/tempo/sprite/Player.java</file>
            <file>file:/Users/Elev/NetBeansProjects/Tempo/src/tempo/GameEngine.java</file>
            <file>file:/Users/Elev/NetBeansProjects/Tempo/src/tempo/Collision.java</file>
            <file>file:/Users/Elev/NetBeansProjects/Tempo/src/tempo/GamePanel.java</file>
            <file>file:/Users/Elev/NetBeansProjects/Tempo/src/resources/pics/sheet.png</file>
            <file>file:/Users/Elev/NetBeansProjects/Tempo/src/tempo/Keyboard.java</file>
        </group>
    </open-files>
</project-private>
