<?xml version="1.0" encoding="UTF-8"?>
<project-private xmlns="http://www.netbeans.org/ns/project-private/1">
    <editor-bookmarks xmlns="http://www.netbeans.org/ns/editor-bookmarks/2" lastBookmarkId="0"/>
    <open-files xmlns="http://www.netbeans.org/ns/projectui-open-files/2">
        <group>
            <file>file:/Users/Elev/NetBeansProjects/Tempo/src/tempo/GamePanel.java</file>
            <file>file:/Users/Elev/NetBeansProjects/Tempo/src/tempo/Window.java</file>
            <file>file:/Users/Elev/NetBeansProjects/Tempo/src/tempo/sprite/Sprite.java</file>
            <file>file:/Users/Elev/NetBeansProjects/Tempo/src/tempo/Tempo.java</file>
            <file>file:/Users/Elev/NetBeansProjects/Tempo/src/tempo/sprite/Player.java</file>
            <file>file:/Users/Elev/NetBeansProjects/Tempo/src/tempo/GameEngine.java</file>
        </group>
    </open-files>
</project-private>
